{"0": 1.0161845730027548, "1": 0.9606119791666666, "2": 1.04645390070922, "3": 0.9810505319148937}